ai_id,move_count,heuristics_empty_cells_count,heuristics_neighbour_difference,highest_tile,heuristics_highest_tile_in_corner,heuristics_monotonous_row,best_move,score,heuristics_combineable_cells_count,coefficient_0_act,coefficient_1_ndh,coefficient_2_ecc,coefficient_3_htic,coefficient_4_morow
20171018_011119,0,0.93,0.0,2,0.0,1,2,0,0.0,-1,3,-1,3,-1
20171018_011119,1,0.93,0.12,4,0.0,2,0,0,0.0,-1,3,-1,3,-1
20171018_011119,2,0.87,0.02,4,0.0,1,0,0,0.0,-1,3,-1,3,-1
20171018_011119,3,0.87,0.05,4,0.0,1,2,4,0.14,-1,3,-1,3,-1
20171018_011119,4,0.8,0.0,4,0.0,1,0,4,0.0,-1,3,-1,3,-1
20171018_011119,5,0.87,0.07,8,0.0,1,2,8,0.0,-1,3,-1,3,-1
20171018_011119,6,0.8,0.12,8,1.0,0,3,8,0.0,-1,3,-1,3,-1
20171018_011119,7,0.73,0.1,8,0.0,3,2,20,0.0,-1,3,-1,3,-1
20171018_011119,8,0.73,0.1,8,0.0,1,0,20,0.0,-1,3,-1,3,-1
20171018_011119,9,0.8,0.07,8,0.0,1,2,20,0.0,-1,3,-1,3,-1
20171018_011119,10,0.8,0.15,16,0.0,1,0,24,0.0,-1,3,-1,3,-1
20171018_011119,11,0.8,0.1,16,0.0,1,0,36,0.0,-1,3,-1,3,-1
20171018_011119,12,0.87,0.1,16,0.0,1,2,52,0.0,-1,3,-1,3,-1
20171018_011119,13,0.8,0.1,16,1.0,0,3,56,0.0,-1,3,-1,3,-1
20171018_011119,14,0.73,0.2,16,0.0,1,2,68,0.0,-1,3,-1,3,-1
20171018_011119,15,0.67,0.17,16,0.0,1,0,68,0.0,-1,3,-1,3,-1
20171018_011119,16,0.67,0.12,16,0.0,1,0,68,0.14,-1,3,-1,3,-1
20171018_011119,17,0.73,0.15,16,0.0,1,0,68,0.0,-1,3,-1,3,-1
20171018_011119,18,0.67,0.2,16,0.0,1,2,72,0.0,-1,3,-1,3,-1
20171018_011119,19,0.6,0.15,16,0.0,1,0,84,0.0,-1,3,-1,3,-1
20171018_011119,20,0.6,0.17,16,0.0,1,2,84,0.0,-1,3,-1,3,-1
20171018_011119,21,0.53,0.2,16,0.0,1,0,84,0.0,-1,3,-1,3,-1
20171018_011119,22,0.47,0.17,16,0.0,1,3,88,0.0,-1,3,-1,3,-1
20171018_011119,23,0.47,0.17,16,0.0,1,0,88,0.14,-1,3,-1,3,-1
20171018_011119,24,0.47,0.2,16,0.0,1,0,88,0.0,-1,3,-1,3,-1
20171018_011119,25,0.53,0.15,16,0.0,0,2,92,0.0,-1,3,-1,3,-1
20171018_011119,26,0.47,0.24,16,0.0,1,3,100,0.0,-1,3,-1,3,-1
20171018_011119,27,0.4,0.24,16,0.0,1,0,120,0.0,-1,3,-1,3,-1
20171018_011119,28,0.53,0.15,16,0.0,1,3,120,0.0,-1,3,-1,3,-1
20171018_011119,29,0.53,0.2,16,0.0,1,0,120,0.0,-1,3,-1,3,-1
20171018_011119,30,0.53,0.2,16,0.0,1,2,136,0.14,-1,3,-1,3,-1
20171018_011119,31,0.6,0.32,32,0.0,1,2,144,0.0,-1,3,-1,3,-1
20171018_011119,32,0.6,0.24,32,0.0,1,2,160,0.0,-1,3,-1,3,-1
20171018_011119,33,0.53,0.29,32,0.0,1,2,196,0.0,-1,3,-1,3,-1
20171018_011119,34,0.47,0.24,32,0.0,1,0,204,0.0,-1,3,-1,3,-1
20171018_011119,35,0.47,0.29,32,0.0,1,0,204,0.0,-1,3,-1,3,-1
20171018_011119,36,0.47,0.22,32,0.0,1,3,204,0.0,-1,3,-1,3,-1
20171018_011119,37,0.47,0.22,32,0.0,1,0,208,0.0,-1,3,-1,3,-1
20171018_011119,38,0.53,0.15,32,0.0,1,3,212,0.0,-1,3,-1,3,-1
20171018_011119,39,0.47,0.15,32,0.0,1,3,220,0.0,-1,3,-1,3,-1
20171018_011119,40,0.4,0.12,32,0.0,1,3,240,0.0,-1,3,-1,3,-1
20171018_011119,41,0.53,0.29,32,0.0,1,0,240,0.0,-1,3,-1,3,-1
20171018_011119,42,0.6,0.17,32,0.0,1,2,240,0.14,-1,3,-1,3,-1
20171018_011119,43,0.6,0.2,32,0.0,0,2,284,0.0,-1,3,-1,3,-1
20171018_011119,44,0.6,0.2,32,0.0,1,2,304,0.0,-1,3,-1,3,-1
20171018_011119,45,0.53,0.22,32,0.0,1,3,312,0.0,-1,3,-1,3,-1
20171018_011119,46,0.53,0.17,32,0.0,1,0,316,0.0,-1,3,-1,3,-1
20171018_011119,47,0.53,0.17,32,0.0,0,2,316,0.0,-1,3,-1,3,-1
20171018_011119,48,0.53,0.22,32,0.0,1,0,320,0.0,-1,3,-1,3,-1
20171018_011119,49,0.47,0.07,32,0.0,1,3,328,0.0,-1,3,-1,3,-1
20171018_011119,50,0.6,0.12,32,0.0,1,0,344,0.14,-1,3,-1,3,-1
20171018_011119,51,0.67,0.2,32,0.0,1,0,344,0.0,-1,3,-1,3,-1
20171018_011119,52,0.6,0.17,32,0.0,1,0,384,0.0,-1,3,-1,3,-1
20171018_011119,53,0.6,0.12,32,0.0,1,0,396,0.14,-1,3,-1,3,-1
20171018_011119,54,0.6,0.24,64,0.0,1,2,396,0.0,-1,3,-1,3,-1
20171018_011119,55,0.67,0.29,64,0.0,1,0,400,0.0,-1,3,-1,3,-1
20171018_011119,56,0.6,0.24,64,0.0,1,2,464,0.0,-1,3,-1,3,-1
20171018_011119,57,0.53,0.27,64,0.0,1,3,476,0.0,-1,3,-1,3,-1
20171018_011119,58,0.47,0.24,64,0.0,1,3,476,0.0,-1,3,-1,3,-1
20171018_011119,59,0.47,0.27,64,0.0,0,2,476,0.0,-1,3,-1,3,-1
20171018_011119,60,0.53,0.24,64,0.0,1,0,476,0.14,-1,3,-1,3,-1
20171018_011119,61,0.53,0.22,64,0.0,1,3,480,0.0,-1,3,-1,3,-1
20171018_011119,62,0.47,0.24,64,0.0,1,3,492,0.0,-1,3,-1,3,-1
20171018_011119,63,0.4,0.29,64,0.0,1,3,496,0.0,-1,3,-1,3,-1
20171018_011119,64,0.4,0.24,64,0.0,1,3,496,0.0,-1,3,-1,3,-1
20171018_011119,65,0.53,0.29,64,0.0,1,0,496,0.14,-1,3,-1,3,-1
20171018_011119,66,0.47,0.27,64,0.0,0,2,500,0.0,-1,3,-1,3,-1
20171018_011119,67,0.47,0.32,64,0.0,1,0,528,0.0,-1,3,-1,3,-1
20171018_011119,68,0.47,0.27,64,0.0,1,2,528,0.0,-1,3,-1,3,-1
20171018_011119,69,0.47,0.32,64,0.0,1,0,544,0.0,-1,3,-1,3,-1
20171018_011119,70,0.47,0.27,64,0.0,1,0,548,0.14,-1,3,-1,3,-1
20171018_011119,71,0.47,0.22,64,0.0,1,3,556,0.0,-1,3,-1,3,-1
20171018_011119,72,0.4,0.24,64,0.0,1,3,560,0.0,-1,3,-1,3,-1
20171018_011119,73,0.33,0.24,64,0.0,1,2,564,0.0,-1,3,-1,3,-1
20171018_011119,74,0.33,0.24,64,0.0,1,3,564,0.0,-1,3,-1,3,-1
20171018_011119,75,0.33,0.22,64,0.0,1,2,564,0.14,-1,3,-1,3,-1
20171018_011119,76,0.4,0.29,64,0.0,1,0,568,0.14,-1,3,-1,3,-1
20171018_011119,77,0.47,0.24,64,0.0,1,0,572,0.0,-1,3,-1,3,-1
20171018_011119,78,0.47,0.22,64,0.0,0,2,588,0.14,-1,3,-1,3,-1
20171018_011119,79,0.47,0.12,64,0.0,1,2,608,0.0,-1,3,-1,3,-1
20171018_011119,80,0.53,0.29,128,0.0,1,0,640,0.0,-1,3,-1,3,-1
20171018_011119,81,0.6,0.17,128,0.0,1,3,704,0.14,-1,3,-1,3,-1
20171018_011119,82,0.6,0.22,128,0.0,1,0,840,0.14,-1,3,-1,3,-1
20171018_011119,83,0.6,0.15,128,0.0,1,3,848,0.14,-1,3,-1,3,-1
20171018_011119,84,0.6,0.15,128,0.0,1,0,856,0.0,-1,3,-1,3,-1
20171018_011119,85,0.6,0.12,128,0.0,1,0,860,0.0,-1,3,-1,3,-1
20171018_011119,86,0.67,0.27,128,0.0,1,2,876,0.0,-1,3,-1,3,-1
20171018_011119,87,0.6,0.22,128,0.0,1,2,880,0.0,-1,3,-1,3,-1
20171018_011119,88,0.6,0.27,128,0.0,1,2,920,0.0,-1,3,-1,3,-1
20171018_011119,89,0.6,0.22,128,0.0,1,2,920,0.0,-1,3,-1,3,-1
20171018_011119,90,0.6,0.24,128,0.0,1,0,924,0.14,-1,3,-1,3,-1
20171018_011119,91,0.6,0.29,128,0.0,1,0,928,0.0,-1,3,-1,3,-1
20171018_011119,92,0.6,0.24,128,0.0,1,0,936,0.14,-1,3,-1,3,-1
20171018_011119,93,0.67,0.22,128,0.0,1,0,952,0.14,-1,3,-1,3,-1
20171018_011119,94,0.6,0.27,128,0.0,1,2,956,0.0,-1,3,-1,3,-1
20171018_011119,95,0.53,0.24,128,0.0,1,3,968,0.0,-1,3,-1,3,-1
20171018_011119,96,0.53,0.27,128,0.0,1,0,968,0.14,-1,3,-1,3,-1
20171018_011119,97,0.47,0.22,128,0.0,1,3,968,0.0,-1,3,-1,3,-1
20171018_011119,98,0.47,0.24,128,0.0,1,3,972,0.0,-1,3,-1,3,-1
20171018_011119,99,0.4,0.27,128,0.0,1,3,972,0.0,-1,3,-1,3,-1
20171018_011119,100,0.33,0.24,128,0.0,1,2,976,0.0,-1,3,-1,3,-1
20171018_011119,101,0.27,0.27,128,0.0,1,2,976,0.0,-1,3,-1,3,-1
20171018_011119,102,0.27,0.29,128,0.0,1,2,976,0.0,-1,3,-1,3,-1
20171018_011119,103,0.33,0.37,128,0.0,1,0,976,0.14,-1,3,-1,3,-1
20171018_011119,104,0.4,0.27,128,0.0,1,3,980,0.0,-1,3,-1,3,-1
20171018_011119,105,0.4,0.22,128,0.0,1,3,992,0.0,-1,3,-1,3,-1
20171018_011119,106,0.47,0.29,128,0.0,1,0,1004,0.0,-1,3,-1,3,-1
20171018_011119,107,0.4,0.27,128,0.0,1,2,1008,0.0,-1,3,-1,3,-1
20171018_011119,108,0.4,0.29,128,0.0,1,3,1032,0.0,-1,3,-1,3,-1
20171018_011119,109,0.4,0.24,128,0.0,1,0,1032,0.14,-1,3,-1,3,-1
20171018_011119,110,0.4,0.15,128,0.0,1,2,1036,0.0,-1,3,-1,3,-1
20171018_011119,111,0.53,0.22,128,0.0,1,0,1052,0.14,-1,3,-1,3,-1
20171018_011119,112,0.53,0.22,128,0.0,1,2,1084,0.0,-1,3,-1,3,-1
20171018_011119,113,0.53,0.2,128,0.0,1,2,1160,0.14,-1,3,-1,3,-1
20171018_011119,114,0.6,0.29,128,0.0,1,0,1164,0.0,-1,3,-1,3,-1
20171018_011119,115,0.6,0.24,128,0.0,1,3,1168,0.0,-1,3,-1,3,-1
20171018_011119,116,0.6,0.22,128,0.0,1,0,1192,0.0,-1,3,-1,3,-1
20171018_011119,117,0.6,0.22,128,0.0,1,3,1196,0.0,-1,3,-1,3,-1
20171018_011119,118,0.67,0.17,128,0.0,1,0,1204,0.0,-1,3,-1,3,-1
20171018_011119,119,0.6,0.2,128,0.0,1,0,1220,0.0,-1,3,-1,3,-1
20171018_011119,120,0.6,0.22,128,0.0,1,3,1256,0.0,-1,3,-1,3,-1
20171018_011119,121,0.6,0.2,128,0.0,1,0,1256,0.14,-1,3,-1,3,-1
20171018_011119,122,0.6,0.22,128,0.0,1,0,1264,0.0,-1,3,-1,3,-1
20171018_011119,123,0.6,0.22,128,0.0,1,2,1268,0.0,-1,3,-1,3,-1
20171018_011119,124,0.67,0.24,128,0.0,1,0,1276,0.0,-1,3,-1,3,-1
20171018_011119,125,0.6,0.15,128,0.0,1,3,1292,0.0,-1,3,-1,3,-1
20171018_011119,126,0.6,0.15,128,0.0,1,0,1328,0.0,-1,3,-1,3,-1
20171018_011119,127,0.6,0.17,128,0.0,1,2,1328,0.0,-1,3,-1,3,-1
20171018_011119,128,0.6,0.22,128,0.0,1,3,1332,0.0,-1,3,-1,3,-1
20171018_011119,129,0.53,0.17,128,0.0,1,0,1340,0.0,-1,3,-1,3,-1
20171018_011119,130,0.53,0.17,128,0.0,1,2,1344,0.0,-1,3,-1,3,-1
20171018_011119,131,0.53,0.22,128,0.0,1,0,1344,0.0,-1,3,-1,3,-1
20171018_011119,132,0.6,0.22,128,0.0,1,3,1348,0.0,-1,3,-1,3,-1
20171018_011119,133,0.53,0.27,128,0.0,1,2,1356,0.0,-1,3,-1,3,-1
20171018_011119,134,0.47,0.2,128,0.0,1,3,1376,0.0,-1,3,-1,3,-1
20171018_011119,135,0.4,0.22,128,0.0,1,3,1376,0.0,-1,3,-1,3,-1
20171018_011119,136,0.4,0.24,128,0.0,1,3,1376,0.0,-1,3,-1,3,-1
20171018_011119,137,0.4,0.17,128,0.0,1,0,1376,0.14,-1,3,-1,3,-1
20171018_011119,138,0.47,0.27,128,0.0,1,0,1380,0.0,-1,3,-1,3,-1
20171018_011119,139,0.4,0.27,128,0.0,1,2,1384,0.0,-1,3,-1,3,-1
20171018_011119,140,0.4,0.22,128,0.0,1,2,1396,0.0,-1,3,-1,3,-1
20171018_011119,141,0.4,0.29,128,0.0,1,0,1396,0.0,-1,3,-1,3,-1
20171018_011119,142,0.4,0.22,128,0.0,1,0,1400,0.14,-1,3,-1,3,-1
20171018_011119,143,0.33,0.29,128,0.0,1,3,1408,0.0,-1,3,-1,3,-1
20171018_011119,144,0.33,0.32,128,0.0,1,0,1412,0.0,-1,3,-1,3,-1
20171018_011119,145,0.33,0.27,128,0.0,1,3,1412,0.0,-1,3,-1,3,-1
20171018_011119,146,0.4,0.2,128,0.0,1,0,1420,0.14,-1,3,-1,3,-1
20171018_011119,147,0.4,0.22,128,0.0,1,0,1424,0.0,-1,3,-1,3,-1
20171018_011119,148,0.4,0.22,128,0.0,1,2,1436,0.0,-1,3,-1,3,-1
20171018_011119,149,0.4,0.29,128,0.0,1,0,1452,0.0,-1,3,-1,3,-1
20171018_011119,150,0.33,0.27,128,0.0,1,3,1484,0.0,-1,3,-1,3,-1
20171018_011119,151,0.27,0.24,128,0.0,1,2,1500,0.0,-1,3,-1,3,-1
20171018_011119,152,0.4,0.27,128,0.0,1,0,1500,0.14,-1,3,-1,3,-1
20171018_011119,153,0.4,0.27,128,0.0,1,0,1500,0.0,-1,3,-1,3,-1
20171018_011119,154,0.4,0.22,128,0.0,1,3,1516,0.0,-1,3,-1,3,-1
20171018_011119,155,0.33,0.24,128,0.0,1,3,1524,0.0,-1,3,-1,3,-1
20171018_011119,156,0.33,0.22,128,0.0,1,3,1528,0.0,-1,3,-1,3,-1
20171018_011119,157,0.27,0.24,128,0.0,1,3,1528,0.0,-1,3,-1,3,-1
20171018_011119,158,0.27,0.39,128,0.0,1,0,1532,0.0,-1,3,-1,3,-1
20171018_011119,159,0.27,0.27,128,0.0,1,3,1532,0.0,-1,3,-1,3,-1
20171018_011119,160,0.27,0.32,128,0.0,1,0,1540,0.14,-1,3,-1,3,-1
20171018_011119,161,0.33,0.24,128,0.0,1,2,1544,0.0,-1,3,-1,3,-1
20171018_011119,162,0.4,0.17,128,0.0,1,0,1552,0.14,-1,3,-1,3,-1
20171018_011119,163,0.47,0.2,128,0.0,1,3,1576,0.0,-1,3,-1,3,-1
20171018_011119,164,0.47,0.17,128,0.0,1,3,1624,0.0,-1,3,-1,3,-1
20171018_011119,165,0.47,0.15,128,0.0,1,3,1692,0.0,-1,3,-1,3,-1
20171018_011119,166,0.4,0.2,128,0.0,1,3,1700,0.0,-1,3,-1,3,-1
20171018_011119,167,0.33,0.15,128,0.0,1,3,1704,0.0,-1,3,-1,3,-1
20171018_011119,168,0.33,0.2,128,0.0,1,3,1704,0.0,-1,3,-1,3,-1
20171018_011119,169,0.33,0.12,128,0.0,1,3,1704,0.14,-1,3,-1,3,-1
20171018_011119,170,0.33,0.17,128,0.0,1,3,1708,0.0,-1,3,-1,3,-1
20171018_011119,171,0.4,0.24,128,0.0,1,0,1712,0.0,-1,3,-1,3,-1
20171018_011119,172,0.4,0.24,128,0.0,1,3,1720,0.0,-1,3,-1,3,-1
20171018_011119,173,0.4,0.29,128,0.0,1,0,1864,0.0,-1,3,-1,3,-1
20171018_011119,174,0.33,0.32,128,0.0,1,2,1868,0.0,-1,3,-1,3,-1
20171018_011119,175,0.33,0.32,128,0.0,1,3,1876,0.0,-1,3,-1,3,-1
20171018_011119,176,0.27,0.24,128,0.0,1,2,1876,0.0,-1,3,-1,3,-1
20171018_011119,177,0.33,0.2,128,0.0,1,0,1880,0.14,-1,3,-1,3,-1
20171018_011119,178,0.33,0.22,128,0.0,1,0,1880,0.0,-1,3,-1,3,-1
20171018_011119,179,0.4,0.22,128,0.0,1,3,1900,0.0,-1,3,-1,3,-1
20171018_011119,180,0.4,0.27,128,0.0,1,3,1908,0.0,-1,3,-1,3,-1
20171018_011119,181,0.4,0.32,128,0.0,1,0,1948,0.0,-1,3,-1,3,-1
20171018_011119,182,0.33,0.24,128,0.0,1,2,1952,0.0,-1,3,-1,3,-1
20171018_011119,183,0.33,0.29,128,0.0,1,3,2016,0.0,-1,3,-1,3,-1
20171018_011119,184,0.4,0.27,128,0.0,1,0,2016,0.0,-1,3,-1,3,-1
20171018_011119,185,0.4,0.24,128,0.0,1,2,2020,0.0,-1,3,-1,3,-1
20171018_011119,186,0.47,0.24,128,0.0,1,0,2032,0.14,-1,3,-1,3,-1
20171018_011119,187,0.47,0.22,128,0.0,1,0,2048,0.0,-1,3,-1,3,-1
20171018_011119,188,0.4,0.27,128,0.0,1,3,2084,0.0,-1,3,-1,3,-1
20171018_011119,189,0.33,0.24,128,0.0,1,2,2148,0.0,-1,3,-1,3,-1
20171018_011119,190,0.33,0.22,128,0.0,1,0,2148,0.0,-1,3,-1,3,-1
20171018_011119,191,0.33,0.2,128,0.0,1,2,2148,0.0,-1,3,-1,3,-1
20171018_011119,192,0.33,0.17,128,0.0,1,2,2152,0.0,-1,3,-1,3,-1
20171018_011119,193,0.27,0.17,128,0.0,1,2,2160,0.0,-1,3,-1,3,-1
20171018_011119,194,0.33,0.2,128,0.0,1,0,2164,0.0,-1,3,-1,3,-1
20171018_011119,195,0.4,0.15,128,0.0,1,2,2164,0.14,-1,3,-1,3,-1
20171018_011119,196,0.4,0.12,128,0.0,1,3,2184,0.0,-1,3,-1,3,-1
20171018_011119,197,0.33,0.15,128,0.0,1,3,2196,0.0,-1,3,-1,3,-1
20171018_011119,198,0.33,0.12,128,0.0,1,3,2204,0.0,-1,3,-1,3,-1
20171018_011119,199,0.27,0.17,128,0.0,1,3,2204,0.0,-1,3,-1,3,-1
20171018_011119,200,0.2,0.12,128,0.0,1,2,2212,0.0,-1,3,-1,3,-1
20171018_011119,201,0.2,0.15,128,0.0,1,3,2212,0.0,-1,3,-1,3,-1
20171018_011119,202,0.33,0.2,128,0.0,1,0,2212,0.14,-1,3,-1,3,-1
20171018_011119,203,0.4,0.22,128,0.0,1,0,2216,0.0,-1,3,-1,3,-1
20171018_011119,204,0.4,0.22,128,0.0,1,2,2240,0.0,-1,3,-1,3,-1
20171018_011119,205,0.4,0.2,128,0.0,1,2,2252,0.0,-1,3,-1,3,-1
20171018_011119,206,0.33,0.24,128,0.0,1,3,2284,0.0,-1,3,-1,3,-1
20171018_011119,207,0.33,0.24,128,0.0,1,2,2288,0.14,-1,3,-1,3,-1
20171018_011119,208,0.33,0.29,128,0.0,1,3,2288,0.0,-1,3,-1,3,-1
20171018_011119,209,0.27,0.34,128,0.0,1,2,2296,0.0,-1,3,-1,3,-1
20171018_011119,210,0.27,0.27,128,0.0,1,3,2312,0.14,-1,3,-1,3,-1
20171018_011119,211,0.27,0.29,128,0.0,1,2,2312,0.0,-1,3,-1,3,-1
20171018_011119,212,0.27,0.39,128,0.0,1,0,2316,0.14,-1,3,-1,3,-1
20171018_011119,213,0.2,0.39,128,0.0,1,3,2324,0.0,-1,3,-1,3,-1
20171018_011119,214,0.27,0.41,128,0.0,1,0,2328,0.0,-1,3,-1,3,-1
20171018_011119,215,0.27,0.24,128,0.0,1,2,2328,0.0,-1,3,-1,3,-1
20171018_011119,216,0.2,0.27,128,0.0,1,2,2340,0.0,-1,3,-1,3,-1
20171018_011119,217,0.2,0.22,128,0.0,1,2,2344,0.14,-1,3,-1,3,-1
20171018_011119,218,0.2,0.24,128,0.0,1,2,2344,0.0,-1,3,-1,3,-1
20171018_011119,219,0.2,0.22,128,0.0,1,2,2348,0.0,-1,3,-1,3,-1
20171018_011119,220,0.13,0.24,128,0.0,1,2,2356,0.0,-1,3,-1,3,-1
20171018_011119,221,0.2,0.34,128,0.0,1,0,2360,0.0,-1,3,-1,3,-1
20171018_011119,222,0.33,0.27,128,0.0,1,3,2360,0.0,-1,3,-1,3,-1
20171018_011119,223,0.33,0.22,128,0.0,1,0,2392,0.14,-1,3,-1,3,-1
20171018_011119,224,0.4,0.15,128,0.0,1,0,2436,0.14,-1,3,-1,3,-1
20171018_011119,225,0.4,0.15,128,0.0,1,3,2444,0.14,-1,3,-1,3,-1
20171018_011119,226,0.47,0.29,128,0.0,1,0,2464,0.0,-1,3,-1,3,-1
20171018_011119,227,0.47,0.24,128,0.0,1,0,2496,0.0,-1,3,-1,3,-1
20171018_011119,228,0.4,0.2,128,0.0,1,2,2568,0.0,-1,3,-1,3,-1
20171018_011119,229,0.4,0.22,128,0.0,1,0,2572,0.14,-1,3,-1,3,-1
20171018_011119,230,0.47,0.22,128,0.0,1,0,2572,0.0,-1,3,-1,3,-1
20171018_011119,231,0.47,0.2,128,0.0,0,2,2576,0.0,-1,3,-1,3,-1
20171018_011119,232,0.47,0.22,128,0.0,1,0,2588,0.0,-1,3,-1,3,-1
20171018_011119,233,0.47,0.34,256,0.0,1,2,2604,0.0,-1,3,-1,3,-1
20171018_011119,234,0.4,0.29,256,0.0,1,0,2732,0.0,-1,3,-1,3,-1
20171018_011119,235,0.33,0.24,256,0.0,1,2,2988,0.0,-1,3,-1,3,-1
20171018_011119,236,0.33,0.2,256,0.0,1,2,2988,0.0,-1,3,-1,3,-1
20171018_011119,237,0.27,0.2,256,0.0,1,2,2988,0.0,-1,3,-1,3,-1
20171018_011119,238,0.33,0.27,256,0.0,1,0,2992,0.0,-1,3,-1,3,-1
20171018_011119,239,0.33,0.2,256,0.0,1,0,2992,0.14,-1,3,-1,3,-1
20171018_011119,240,0.33,0.22,256,0.0,1,2,3004,0.14,-1,3,-1,3,-1
20171018_011119,241,0.33,0.24,256,0.0,1,2,3008,0.0,-1,3,-1,3,-1
20171018_011119,242,0.27,0.2,256,0.0,1,2,3016,0.0,-1,3,-1,3,-1
20171018_011119,243,0.27,0.2,256,0.0,1,2,3032,0.14,-1,3,-1,3,-1
20171018_011119,244,0.33,0.17,256,0.0,1,2,3032,0.0,-1,3,-1,3,-1
20171018_011119,245,0.27,0.2,256,0.0,1,2,3036,0.0,-1,3,-1,3,-1
20171018_011119,246,0.2,0.22,256,0.0,1,2,3048,0.0,-1,3,-1,3,-1
20171018_011119,247,0.2,0.2,256,0.0,1,2,3048,0.14,-1,3,-1,3,-1
20171018_011119,248,0.2,0.27,256,0.0,1,3,3048,0.0,-1,3,-1,3,-1
20171018_011119,249,0.27,0.27,256,0.0,1,0,3052,0.14,-1,3,-1,3,-1
20171018_011119,250,0.27,0.22,256,0.0,1,3,3060,0.0,-1,3,-1,3,-1
20171018_011119,251,0.27,0.17,256,0.0,1,3,3080,0.0,-1,3,-1,3,-1
20171018_011119,252,0.4,0.2,256,0.0,1,0,3112,0.14,-1,3,-1,3,-1
20171018_011119,253,0.47,0.22,256,0.0,1,0,3116,0.0,-1,3,-1,3,-1
20171018_011119,254,0.47,0.17,256,0.0,1,2,3196,0.14,-1,3,-1,3,-1
20171018_011119,255,0.53,0.32,512,0.0,1,2,3328,0.0,-1,3,-1,3,-1
20171018_011119,256,0.47,0.34,512,0.0,1,0,3584,0.0,-1,3,-1,3,-1
20171018_011119,257,0.47,0.27,512,0.0,1,2,4100,0.0,-1,3,-1,3,-1
20171018_011119,258,0.47,0.34,512,0.0,1,0,4100,0.0,-1,3,-1,3,-1
20171018_011119,259,0.47,0.29,512,0.0,1,2,4104,0.0,-1,3,-1,3,-1
20171018_011119,260,0.47,0.32,512,0.0,1,0,4112,0.0,-1,3,-1,3,-1
20171018_011119,261,0.47,0.39,512,0.0,1,2,4116,0.0,-1,3,-1,3,-1
20171018_011119,262,0.4,0.32,512,0.0,0,1,4124,0.0,-1,3,-1,3,-1
20171018_011119,263,0.4,0.22,512,0.0,1,2,4140,0.14,-1,3,-1,3,-1
20171018_011119,264,0.47,0.24,512,0.0,1,0,4140,0.0,-1,3,-1,3,-1
20171018_011119,265,0.47,0.22,512,0.0,1,2,4156,0.14,-1,3,-1,3,-1
20171018_011119,266,0.53,0.22,512,0.0,1,0,4192,0.0,-1,3,-1,3,-1
20171018_011119,267,0.47,0.27,512,0.0,1,0,4196,0.0,-1,3,-1,3,-1
20171018_011119,268,0.47,0.24,512,0.0,1,0,4208,0.0,-1,3,-1,3,-1
20171018_011119,269,0.53,0.27,512,0.0,1,2,4208,0.0,-1,3,-1,3,-1
20171018_011119,270,0.47,0.32,512,0.0,1,0,4212,0.0,-1,3,-1,3,-1
20171018_011119,271,0.4,0.37,512,0.0,0,1,4224,0.0,-1,3,-1,3,-1
20171018_011119,272,0.33,0.29,512,0.0,1,0,4224,0.0,-1,3,-1,3,-1
20171018_011119,273,0.33,0.24,512,0.0,1,2,4224,0.14,-1,3,-1,3,-1
20171018_011119,274,0.33,0.24,512,0.0,1,0,4224,0.0,-1,3,-1,3,-1
20171018_011119,275,0.4,0.29,512,0.0,1,2,4228,0.14,-1,3,-1,3,-1
20171018_011119,276,0.33,0.24,512,0.0,1,0,4232,0.0,-1,3,-1,3,-1
20171018_011119,277,0.4,0.27,512,0.0,1,2,4248,0.0,-1,3,-1,3,-1
20171018_011119,278,0.4,0.24,512,0.0,0,1,4248,0.0,-1,3,-1,3,-1
20171018_011119,279,0.47,0.22,512,0.0,1,2,4268,0.14,-1,3,-1,3,-1
20171018_011119,280,0.47,0.22,512,0.0,1,0,4272,0.0,-1,3,-1,3,-1
20171018_011119,281,0.53,0.32,512,0.0,1,2,4312,0.0,-1,3,-1,3,-1
20171018_011119,282,0.53,0.15,512,0.0,0,1,4376,0.0,-1,3,-1,3,-1
20171018_011119,283,0.53,0.12,512,0.0,1,1,4400,0.0,-1,3,-1,3,-1
20171018_011119,284,0.67,0.22,512,0.0,1,2,4416,0.0,-1,3,-1,3,-1
20171018_011119,285,0.67,0.2,512,0.0,1,1,4420,0.0,-1,3,-1,3,-1
20171018_011119,286,0.6,0.22,512,0.0,1,2,4464,0.0,-1,3,-1,3,-1
20171018_011119,287,0.53,0.2,512,0.0,1,2,4468,0.0,-1,3,-1,3,-1
20171018_011119,288,0.53,0.22,512,0.0,1,1,4468,0.14,-1,3,-1,3,-1
20171018_011119,289,0.53,0.24,512,0.0,1,1,4468,0.14,-1,3,-1,3,-1
20171018_011119,290,0.47,0.2,512,0.0,1,2,4472,0.0,-1,3,-1,3,-1
20171018_011119,291,0.47,0.24,512,0.0,1,2,4480,0.0,-1,3,-1,3,-1
20171018_011119,292,0.53,0.24,512,0.0,1,1,4480,0.14,-1,3,-1,3,-1
20171018_011119,293,0.53,0.27,512,0.0,1,1,4484,0.0,-1,3,-1,3,-1
20171018_011119,294,0.47,0.29,512,0.0,1,2,4504,0.0,-1,3,-1,3,-1
20171018_011119,295,0.47,0.24,512,0.0,1,2,4512,0.0,-1,3,-1,3,-1
20171018_011119,296,0.4,0.22,512,0.0,1,2,4512,0.0,-1,3,-1,3,-1
20171018_011119,297,0.47,0.32,512,0.0,1,0,4516,0.0,-1,3,-1,3,-1
20171018_011119,298,0.4,0.22,512,0.0,0,1,4516,0.0,-1,3,-1,3,-1
20171018_011119,299,0.47,0.27,512,0.0,1,2,4528,0.0,-1,3,-1,3,-1
20171018_011119,300,0.47,0.17,512,0.0,1,0,4528,0.0,-1,3,-1,3,-1
20171018_011119,301,0.67,0.2,512,0.0,1,2,4548,0.0,-1,3,-1,3,-1
20171018_011119,302,0.6,0.22,512,0.0,1,2,4580,0.0,-1,3,-1,3,-1
20171018_011119,303,0.6,0.27,512,0.0,1,0,4664,0.0,-1,3,-1,3,-1
20171018_011119,304,0.6,0.22,512,0.0,1,0,4664,0.0,-1,3,-1,3,-1
20171018_011119,305,0.6,0.24,512,0.0,1,2,4792,0.0,-1,3,-1,3,-1
20171018_011119,306,0.6,0.2,512,0.0,1,2,4796,0.0,-1,3,-1,3,-1
20171018_011119,307,0.6,0.24,512,0.0,0,1,4804,0.0,-1,3,-1,3,-1
20171018_011119,308,0.6,0.27,512,0.0,1,1,4808,0.0,-1,3,-1,3,-1
20171018_011119,309,0.53,0.24,512,0.0,1,1,4824,0.0,-1,3,-1,3,-1
20171018_011119,310,0.47,0.22,512,0.0,1,2,4828,0.0,-1,3,-1,3,-1
20171018_011119,311,0.47,0.2,512,0.0,1,1,4828,0.0,-1,3,-1,3,-1
20171018_011119,312,0.53,0.22,512,0.0,1,2,4828,0.0,-1,3,-1,3,-1
20171018_011119,313,0.53,0.24,512,0.0,1,1,4832,0.0,-1,3,-1,3,-1
20171018_011119,314,0.47,0.22,512,0.0,1,0,4844,0.0,-1,3,-1,3,-1
20171018_011119,315,0.6,0.2,512,0.0,1,2,4852,0.0,-1,3,-1,3,-1
20171018_011119,316,0.53,0.24,512,0.0,1,2,4852,0.0,-1,3,-1,3,-1
20171018_011119,317,0.53,0.22,512,0.0,0,1,4876,0.0,-1,3,-1,3,-1
20171018_011119,318,0.47,0.22,512,0.0,1,1,4876,0.0,-1,3,-1,3,-1
20171018_011119,319,0.47,0.22,512,0.0,1,0,4908,0.0,-1,3,-1,3,-1
20171018_011119,320,0.4,0.2,512,0.0,0,1,4908,0.0,-1,3,-1,3,-1
20171018_011119,321,0.47,0.32,512,0.0,1,2,4912,0.14,-1,3,-1,3,-1
20171018_011119,322,0.47,0.29,512,0.0,1,2,4912,0.0,-1,3,-1,3,-1
20171018_011119,323,0.47,0.29,512,0.0,1,0,4924,0.0,-1,3,-1,3,-1
20171018_011119,324,0.47,0.22,512,0.0,1,2,4932,0.14,-1,3,-1,3,-1
20171018_011119,325,0.47,0.32,512,0.0,1,2,4948,0.0,-1,3,-1,3,-1
20171018_011119,326,0.4,0.29,512,0.0,1,0,4952,0.0,-1,3,-1,3,-1
20171018_011119,327,0.47,0.27,512,0.0,1,2,4960,0.14,-1,3,-1,3,-1
20171018_011119,328,0.4,0.24,512,0.0,1,0,4960,0.0,-1,3,-1,3,-1
20171018_011119,329,0.53,0.29,512,0.0,1,2,4980,0.0,-1,3,-1,3,-1
20171018_011119,330,0.47,0.29,512,0.0,1,0,4980,0.0,-1,3,-1,3,-1
20171018_011119,331,0.47,0.24,512,0.0,1,0,4996,0.14,-1,3,-1,3,-1
20171018_011119,332,0.47,0.29,512,0.0,0,1,4996,0.0,-1,3,-1,3,-1
20171018_011119,333,0.47,0.27,512,0.0,1,2,5000,0.14,-1,3,-1,3,-1
20171018_011119,334,0.53,0.22,512,0.0,1,0,5008,0.14,-1,3,-1,3,-1
20171018_011119,335,0.53,0.29,512,0.0,1,0,5024,0.0,-1,3,-1,3,-1
20171018_011119,336,0.53,0.24,512,0.0,0,1,5060,0.0,-1,3,-1,3,-1
20171018_011119,337,0.53,0.22,512,0.0,1,2,5124,0.0,-1,3,-1,3,-1
20171018_011119,338,0.53,0.24,512,0.0,1,0,5128,0.0,-1,3,-1,3,-1
20171018_011119,339,0.47,0.22,512,0.0,1,0,5136,0.0,-1,3,-1,3,-1
20171018_011119,340,0.47,0.2,512,0.0,1,2,5140,0.14,-1,3,-1,3,-1
20171018_011119,341,0.4,0.22,512,0.0,1,0,5140,0.0,-1,3,-1,3,-1
20171018_011119,342,0.4,0.2,512,0.0,1,0,5144,0.0,-1,3,-1,3,-1
20171018_011119,343,0.47,0.2,512,0.0,1,2,5144,0.0,-1,3,-1,3,-1
20171018_011119,344,0.47,0.24,512,0.0,1,0,5148,0.0,-1,3,-1,3,-1
20171018_011119,345,0.4,0.32,512,0.0,1,1,5160,0.0,-1,3,-1,3,-1
20171018_011119,346,0.4,0.24,512,0.0,1,0,5168,0.0,-1,3,-1,3,-1
20171018_011119,347,0.4,0.27,512,0.0,1,2,5168,0.14,-1,3,-1,3,-1
20171018_011119,348,0.4,0.24,512,0.0,1,0,5172,0.0,-1,3,-1,3,-1
20171018_011119,349,0.33,0.29,512,0.0,1,1,5180,0.0,-1,3,-1,3,-1
20171018_011119,350,0.33,0.34,512,0.0,1,2,5184,0.0,-1,3,-1,3,-1
20171018_011119,351,0.27,0.29,512,0.0,1,0,5184,0.0,-1,3,-1,3,-1
20171018_011119,352,0.27,0.32,512,0.0,1,2,5188,0.0,-1,3,-1,3,-1
20171018_011119,353,0.27,0.24,512,0.0,1,2,5188,0.14,-1,3,-1,3,-1
20171018_011119,354,0.27,0.24,512,0.0,1,0,5192,0.14,-1,3,-1,3,-1
20171018_011119,355,0.33,0.2,512,0.0,1,2,5196,0.29,-1,3,-1,3,-1
20171018_011119,356,0.27,0.22,512,0.0,1,0,5204,0.0,-1,3,-1,3,-1
20171018_011119,357,0.2,0.2,512,0.0,1,1,5228,0.0,-1,3,-1,3,-1
20171018_011119,358,0.33,0.24,512,0.0,1,2,5228,0.0,-1,3,-1,3,-1
20171018_011119,359,0.4,0.24,512,0.0,1,0,5228,0.0,-1,3,-1,3,-1
20171018_011119,360,0.4,0.24,512,0.0,1,2,5280,0.14,-1,3,-1,3,-1
20171018_011119,361,0.47,0.27,512,0.0,1,2,5292,0.0,-1,3,-1,3,-1
20171018_011119,362,0.4,0.32,512,0.0,1,0,5300,0.0,-1,3,-1,3,-1
20171018_011119,363,0.4,0.27,512,0.0,0,1,5320,0.0,-1,3,-1,3,-1
20171018_011119,364,0.4,0.32,512,0.0,1,2,5320,0.14,-1,3,-1,3,-1
20171018_011119,365,0.47,0.24,512,0.0,1,0,5324,0.0,-1,3,-1,3,-1
20171018_011119,366,0.47,0.27,512,0.0,1,2,5332,0.0,-1,3,-1,3,-1
20171018_011119,367,0.47,0.22,512,0.0,1,0,5352,0.14,-1,3,-1,3,-1
20171018_011119,368,0.4,0.27,512,0.0,1,2,5384,0.0,-1,3,-1,3,-1
20171018_011119,369,0.4,0.29,512,0.0,1,1,5388,0.0,-1,3,-1,3,-1
20171018_011119,370,0.33,0.27,512,0.0,1,0,5388,0.0,-1,3,-1,3,-1
20171018_011119,371,0.27,0.24,512,0.0,1,0,5396,0.0,-1,3,-1,3,-1
20171018_011119,372,0.33,0.24,512,0.0,1,2,5396,0.0,-1,3,-1,3,-1
20171018_011119,373,0.4,0.24,512,0.0,1,0,5396,0.14,-1,3,-1,3,-1
20171018_011119,374,0.4,0.32,512,0.0,1,0,5416,0.0,-1,3,-1,3,-1
20171018_011119,375,0.33,0.24,512,0.0,0,1,5432,0.0,-1,3,-1,3,-1
20171018_011119,376,0.33,0.27,512,0.0,1,2,5448,0.14,-1,3,-1,3,-1
20171018_011119,377,0.27,0.27,512,0.0,1,1,5448,0.0,-1,3,-1,3,-1
20171018_011119,378,0.2,0.22,512,0.0,1,0,5480,0.0,-1,3,-1,3,-1
20171018_011119,379,0.13,0.15,512,0.0,1,1,5480,0.0,-1,3,-1,3,-1
20171018_011119,380,0.13,0.17,512,0.0,1,1,5480,0.14,-1,3,-1,3,-1
20171018_011119,381,0.2,0.17,512,0.0,1,1,5480,0.14,-1,3,-1,3,-1
20171018_011119,382,0.2,0.2,512,0.0,1,1,5484,0.0,-1,3,-1,3,-1
20171018_011119,383,0.2,0.17,512,0.0,1,1,5496,0.0,-1,3,-1,3,-1
20171018_011119,384,0.13,0.2,512,0.0,1,1,5504,0.0,-1,3,-1,3,-1
20171018_011119,385,0.07,0.32,512,0.0,1,0,5508,0.0,-1,3,-1,3,-1
20171018_011119,386,0.07,0.29,512,0.0,1,0,5508,0.0,-1,3,-1,3,-1
20171018_011119,387,0.2,0.37,512,0.0,1,2,5508,0.0,-1,3,-1,3,-1
20171018_011119,388,0.2,0.24,512,0.0,1,1,5512,0.0,-1,3,-1,3,-1
20171018_011119,389,0.27,0.29,512,0.0,1,2,5584,0.14,-1,3,-1,3,-1
20171018_011119,390,0.33,0.24,512,0.0,1,2,5592,0.0,-1,3,-1,3,-1
20171018_011119,391,0.33,0.24,512,0.0,1,1,5612,0.14,-1,3,-1,3,-1
20171018_011119,392,0.33,0.27,512,0.0,1,2,5624,0.14,-1,3,-1,3,-1
20171018_011119,393,0.33,0.24,512,0.0,0,1,5632,0.0,-1,3,-1,3,-1
20171018_011119,394,0.33,0.29,512,0.0,1,1,5648,0.0,-1,3,-1,3,-1
20171018_011119,395,0.27,0.32,512,0.0,1,0,5680,0.0,-1,3,-1,3,-1
20171018_011119,396,0.2,0.2,512,0.0,0,1,5684,0.0,-1,3,-1,3,-1
20171018_011119,397,0.33,0.22,512,0.0,1,2,5684,0.0,-1,3,-1,3,-1
20171018_011119,398,0.33,0.24,512,0.0,1,2,5684,0.0,-1,3,-1,3,-1
20171018_011119,399,0.4,0.44,512,0.0,1,0,5820,0.0,-1,3,-1,3,-1
20171018_011119,400,0.33,0.34,512,0.0,1,2,5824,0.0,-1,3,-1,3,-1
20171018_011119,401,0.33,0.24,512,0.0,1,1,6088,0.0,-1,3,-1,3,-1
20171018_011119,402,0.4,0.32,512,0.0,1,2,6088,0.14,-1,3,-1,3,-1
20171018_011119,403,0.4,0.17,512,0.0,1,0,6092,0.0,-1,3,-1,3,-1
20171018_011119,404,0.47,0.29,512,0.0,1,2,6116,0.0,-1,3,-1,3,-1
20171018_011119,405,0.47,0.29,512,0.0,1,0,6120,0.0,-1,3,-1,3,-1
20171018_011119,406,0.4,0.24,512,0.0,1,0,6160,0.0,-1,3,-1,3,-1
20171018_011119,407,0.4,0.29,512,0.0,1,0,6224,0.0,-1,3,-1,3,-1
20171018_011119,408,0.33,0.32,512,0.0,1,0,6224,0.0,-1,3,-1,3,-1
20171018_011119,409,0.33,0.37,512,0.0,1,0,6228,0.0,-1,3,-1,3,-1
20171018_011119,410,0.27,0.24,512,0.0,1,3,6228,0.0,-1,3,-1,3,-1
20171018_011119,411,0.27,0.27,512,0.0,1,3,6232,0.0,-1,3,-1,3,-1
20171018_011119,412,0.27,0.24,512,0.0,1,0,6232,0.14,-1,3,-1,3,-1
20171018_011119,413,0.33,0.32,512,0.0,1,3,6236,0.0,-1,3,-1,3,-1
20171018_011119,414,0.33,0.34,512,0.0,1,0,6240,0.14,-1,3,-1,3,-1
20171018_011119,415,0.4,0.39,512,0.0,1,2,6252,0.0,-1,3,-1,3,-1
20171018_011119,416,0.4,0.37,512,0.0,1,2,6260,0.0,-1,3,-1,3,-1
20171018_011119,417,0.33,0.27,512,0.0,0,1,6280,0.0,-1,3,-1,3,-1
20171018_011119,418,0.27,0.27,512,0.0,1,0,6288,0.0,-1,3,-1,3,-1
20171018_011119,419,0.2,0.32,512,0.0,0,1,6288,0.0,-1,3,-1,3,-1
20171018_011119,420,0.13,0.29,512,0.0,1,0,6288,0.0,-1,3,-1,3,-1
20171018_011119,421,0.13,0.27,512,0.0,1,0,6288,0.0,-1,3,-1,3,-1
20171018_011119,422,0.13,0.46,512,0.0,1,2,6288,0.0,-1,3,-1,3,-1
20171018_011119,423,0.13,0.44,512,0.0,1,2,6292,0.14,-1,3,-1,3,-1
20171018_011119,424,0.13,0.24,512,0.0,1,1,6296,0.14,-1,3,-1,3,-1
20171018_011119,425,0.13,0.27,512,0.0,1,0,6300,0.0,-1,3,-1,3,-1
20171018_011119,426,0.07,0.34,512,0.0,1,1,6308,0.0,-1,3,-1,3,-1
20171018_011119,427,0.07,0.34,512,0.0,1,0,6324,0.0,-1,3,-1,3,-1
20171018_011119,428,0.07,0.32,512,0.0,1,0,6324,0.0,-1,3,-1,3,-1
20171018_011119,429,0.2,0.37,512,0.0,1,2,6328,0.0,-1,3,-1,3,-1
20171018_011119,430,0.2,0.32,512,0.0,1,0,6332,0.0,-1,3,-1,3,-1
20171018_011119,431,0.27,0.15,512,0.0,1,2,6376,0.14,-1,3,-1,3,-1
20171018_011119,432,0.47,0.17,512,0.0,1,0,6392,0.14,-1,3,-1,3,-1
20171018_011119,433,0.47,0.2,512,0.0,1,0,6460,0.0,-1,3,-1,3,-1
20171018_011119,434,0.4,0.2,512,0.0,1,0,6608,0.0,-1,3,-1,3,-1
20171018_011119,435,0.4,0.15,512,0.0,1,0,6624,0.14,-1,3,-1,3,-1
20171018_011119,436,0.4,0.22,512,0.0,1,2,6624,0.0,-1,3,-1,3,-1
20171018_011119,437,0.4,0.32,512,0.0,1,0,6628,0.0,-1,3,-1,3,-1
20171018_011119,438,0.4,0.24,512,0.0,1,2,6660,0.14,-1,3,-1,3,-1
20171018_011119,439,0.4,0.27,512,0.0,0,1,6668,0.0,-1,3,-1,3,-1
20171018_011119,440,0.4,0.24,512,0.0,1,0,6672,0.0,-1,3,-1,3,-1
20171018_011119,441,0.33,0.2,512,0.0,1,0,6680,0.0,-1,3,-1,3,-1
20171018_011119,442,0.33,0.24,512,0.0,1,0,6684,0.0,-1,3,-1,3,-1
20171018_011119,443,0.33,0.2,512,0.0,1,0,6684,0.14,-1,3,-1,3,-1
20171018_011119,444,0.4,0.15,512,0.0,1,0,6688,0.14,-1,3,-1,3,-1
20171018_011119,445,0.4,0.22,512,0.0,1,0,6696,0.0,-1,3,-1,3,-1
20171018_011119,446,0.33,0.22,512,0.0,0,1,6716,0.0,-1,3,-1,3,-1
20171018_011119,447,0.4,0.2,512,0.0,1,2,6724,0.29,-1,3,-1,3,-1
20171018_011119,448,0.33,0.17,512,0.0,1,0,6724,0.0,-1,3,-1,3,-1
20171018_011119,449,0.33,0.22,512,0.0,1,0,6744,0.0,-1,3,-1,3,-1
20171018_011119,450,0.27,0.24,512,0.0,1,1,6744,0.0,-1,3,-1,3,-1
20171018_011119,451,0.2,0.22,512,0.0,1,0,6748,0.0,-1,3,-1,3,-1
20171018_011119,452,0.2,0.2,512,0.0,1,0,6748,0.0,-1,3,-1,3,-1
20171018_011119,453,0.13,0.2,512,0.0,1,1,6748,0.0,-1,3,-1,3,-1
20171018_011119,454,0.13,0.2,512,0.0,1,1,6752,0.14,-1,3,-1,3,-1
20171018_011119,455,0.2,0.17,512,0.0,1,1,6752,0.0,-1,3,-1,3,-1
20171018_011119,456,0.13,0.22,512,0.0,1,0,6756,0.0,-1,3,-1,3,-1
20171018_011119,457,0.07,0.32,512,0.0,1,1,6768,0.0,-1,3,-1,3,-1
20171018_011119,458,0.27,0.29,512,0.0,1,2,6768,0.0,-1,3,-1,3,-1
20171018_011119,459,0.33,0.24,512,0.0,0,1,6768,0.0,-1,3,-1,3,-1
20171018_011119,460,0.27,0.27,512,0.0,1,1,6820,0.0,-1,3,-1,3,-1
20171018_011119,461,0.33,0.39,512,0.0,1,2,6844,0.0,-1,3,-1,3,-1
20171018_011119,462,0.27,0.37,512,0.0,1,0,6844,0.0,-1,3,-1,3,-1
20171018_011119,463,0.2,0.29,512,0.0,1,3,6864,0.0,-1,3,-1,3,-1
20171018_011119,464,0.27,0.49,512,0.0,1,0,6864,0.14,-1,3,-1,3,-1
20171018_011119,465,0.27,0.39,512,0.0,1,0,6864,0.0,-1,3,-1,3,-1
20171018_011119,466,0.27,0.49,512,0.0,1,2,6932,0.0,-1,3,-1,3,-1
20171018_011119,467,0.27,0.37,512,0.0,0,1,6940,0.0,-1,3,-1,3,-1
20171018_011119,468,0.27,0.44,512,0.0,1,2,6956,0.14,-1,3,-1,3,-1
20171018_011119,469,0.2,0.41,512,0.0,1,0,6988,0.0,-1,3,-1,3,-1
20171018_011119,470,0.2,0.39,512,0.0,1,3,6992,0.0,-1,3,-1,3,-1
20171018_011119,471,0.2,0.44,512,0.0,1,0,6992,0.14,-1,3,-1,3,-1
20171018_011119,472,0.27,0.39,512,0.0,1,0,7000,0.0,-1,3,-1,3,-1
20171018_011119,473,0.27,0.37,512,0.0,1,3,7004,0.14,-1,3,-1,3,-1
20171018_011119,474,0.27,0.54,512,0.0,1,3,7016,0.0,-1,3,-1,3,-1
20171018_011119,475,0.2,0.37,512,0.0,1,0,7024,0.0,-1,3,-1,3,-1
20171018_011119,476,0.33,0.37,512,0.0,1,2,7040,0.0,-1,3,-1,3,-1
20171018_011119,477,0.27,0.41,512,0.0,1,2,7040,0.0,-1,3,-1,3,-1
20171018_011119,478,0.27,0.41,512,0.0,1,0,7080,0.0,-1,3,-1,3,-1
20171018_011119,479,0.27,0.46,512,0.0,1,0,7080,0.0,-1,3,-1,3,-1
20171018_011119,480,0.2,0.44,512,0.0,1,3,7088,0.0,-1,3,-1,3,-1
20171018_011119,481,0.2,0.39,512,0.0,0,1,7092,0.0,-1,3,-1,3,-1
20171018_011119,482,0.2,0.37,512,0.0,1,1,7092,0.0,-1,3,-1,3,-1
20171018_011119,483,0.2,0.46,512,0.0,1,2,7096,0.0,-1,3,-1,3,-1
20171018_011119,484,0.2,0.44,512,0.0,1,0,7100,0.0,-1,3,-1,3,-1
20171018_011119,485,0.2,0.37,512,0.0,1,3,7108,0.0,-1,3,-1,3,-1
20171018_011119,486,0.2,0.37,512,0.0,1,0,7112,0.14,-1,3,-1,3,-1
20171018_011119,487,0.27,0.37,512,0.0,1,2,7116,0.0,-1,3,-1,3,-1
20171018_011119,488,0.2,0.41,512,0.0,1,3,7124,0.0,-1,3,-1,3,-1
20171018_011119,489,0.13,0.44,512,0.0,1,3,7144,0.0,-1,3,-1,3,-1
20171018_011119,490,0.13,0.39,512,0.0,1,3,7144,0.14,-1,3,-1,3,-1
20171018_011119,491,0.13,0.51,512,0.0,1,3,7144,0.0,-1,3,-1,3,-1
20171018_011119,492,0.13,0.44,512,0.0,1,2,7148,0.0,-1,3,-1,3,-1
20171018_011119,493,0.13,0.41,512,0.0,1,0,7156,0.0,-1,3,-1,3,-1
20171018_011119,494,0.13,0.37,512,0.0,1,0,7160,0.14,-1,3,-1,3,-1
20171018_011119,495,0.07,0.46,512,0.0,1,2,7164,0.0,-1,3,-1,3,-1
20171018_011119,496,0.07,0.44,512,0.0,1,1,7172,0.0,-1,3,-1,3,-1
20171018_011119,497,0.13,0.37,512,0.0,1,2,7172,0.14,-1,3,-1,3,-1
20171018_011119,498,0.13,0.37,512,0.0,1,2,7188,0.0,-1,3,-1,3,-1
20171018_011119,499,0.13,0.39,512,0.0,1,0,7224,0.0,-1,3,-1,3,-1
20171018_011119,500,0.27,0.44,512,0.0,1,3,7288,0.14,-1,3,-1,3,-1
20171018_011119,501,0.27,0.51,512,0.0,1,3,7416,0.0,-1,3,-1,3,-1
20171018_011119,502,0.27,0.46,512,0.0,1,3,7692,0.0,-1,3,-1,3,-1
20171018_011119,503,0.2,0.54,512,0.0,1,2,8204,0.0,-1,3,-1,3,-1
20171018_011119,504,0.13,0.54,512,0.0,1,3,8208,0.0,-1,3,-1,3,-1
20171018_011119,505,0.07,0.56,512,0.0,1,2,8208,0.0,-1,3,-1,3,-1
20171018_011119,506,0.27,0.41,512,0.0,1,0,8208,0.29,-1,3,-1,3,-1
20171018_011119,507,0.2,0.44,512,0.0,1,3,8208,0.0,-1,3,-1,3,-1
20171018_011119,508,0.2,0.41,512,0.0,1,3,8232,0.0,-1,3,-1,3,-1
20171018_011119,509,0.13,0.44,512,0.0,1,3,8232,0.0,-1,3,-1,3,-1
20171018_011119,510,0.13,0.41,512,0.0,1,3,8236,0.14,-1,3,-1,3,-1
20171018_011119,511,0.13,0.49,512,0.0,1,3,8236,0.0,-1,3,-1,3,-1
20171018_011119,512,0.2,0.51,512,0.0,1,0,8240,0.14,-1,3,-1,3,-1
20171018_011119,513,0.33,0.44,512,0.0,1,2,8248,0.0,-1,3,-1,3,-1
20171018_011119,514,0.4,0.54,512,0.0,1,0,8264,0.14,-1,3,-1,3,-1
20171018_011119,515,0.4,0.46,512,0.0,1,0,8288,0.0,-1,3,-1,3,-1
20171018_011119,516,0.4,0.49,512,0.0,1,3,8328,0.0,-1,3,-1,3,-1
20171018_011119,517,0.4,0.44,512,0.0,1,0,8344,0.0,-1,3,-1,3,-1
20171018_011119,518,0.4,0.46,512,0.0,1,3,8348,0.0,-1,3,-1,3,-1
20171018_011119,519,0.4,0.51,512,0.0,1,0,8352,0.0,-1,3,-1,3,-1
20171018_011119,520,0.4,0.54,512,0.0,1,3,8360,0.0,-1,3,-1,3,-1
20171018_011119,521,0.4,0.49,512,0.0,1,0,8376,0.0,-1,3,-1,3,-1
20171018_011119,522,0.33,0.51,512,0.0,1,0,8380,0.0,-1,3,-1,3,-1
20171018_011119,523,0.33,0.56,512,0.0,1,2,8384,0.0,-1,3,-1,3,-1
20171018_011119,524,0.33,0.61,512,0.0,1,0,8384,0.0,-1,3,-1,3,-1
20171018_011119,525,0.27,0.56,512,0.0,1,3,8392,0.0,-1,3,-1,3,-1
20171018_011119,526,0.27,0.59,512,0.0,1,2,8396,0.0,-1,3,-1,3,-1
20171018_011119,527,0.27,0.56,512,0.0,1,0,8396,0.0,-1,3,-1,3,-1
20171018_011119,528,0.33,0.54,512,0.0,1,3,8400,0.0,-1,3,-1,3,-1
20171018_011119,529,0.27,0.51,512,0.0,1,2,8408,0.0,-1,3,-1,3,-1
20171018_011119,530,0.33,0.56,512,0.0,1,0,8428,0.0,-1,3,-1,3,-1
20171018_011119,531,0.33,0.56,512,0.0,0,2,8428,0.0,-1,3,-1,3,-1
20171018_011119,532,0.27,0.51,512,0.0,1,2,8468,0.0,-1,3,-1,3,-1
20171018_011119,533,0.27,0.56,512,0.0,1,0,8532,0.0,-1,3,-1,3,-1
20171018_011119,534,0.27,0.44,512,0.0,1,2,8532,0.0,-1,3,-1,3,-1
20171018_011119,535,0.27,0.37,512,0.0,1,0,8536,0.0,-1,3,-1,3,-1
20171018_011119,536,0.33,0.34,512,0.0,1,3,8540,0.0,-1,3,-1,3,-1
20171018_011119,537,0.33,0.32,512,0.0,1,3,8548,0.0,-1,3,-1,3,-1
20171018_011119,538,0.4,0.41,512,0.0,1,0,8568,0.14,-1,3,-1,3,-1
20171018_011119,539,0.4,0.34,512,0.0,1,3,8572,0.14,-1,3,-1,3,-1
20171018_011119,540,0.4,0.34,512,0.0,1,3,8612,0.0,-1,3,-1,3,-1
20171018_011119,541,0.33,0.44,512,0.0,1,2,8616,0.0,-1,3,-1,3,-1
20171018_011119,542,0.27,0.41,512,0.0,1,3,8624,0.0,-1,3,-1,3,-1
20171018_011119,543,0.27,0.37,512,0.0,1,3,8624,0.14,-1,3,-1,3,-1
20171018_011119,544,0.27,0.44,512,0.0,1,3,8624,0.0,-1,3,-1,3,-1
20171018_011119,545,0.33,0.46,512,0.0,1,0,8632,0.0,-1,3,-1,3,-1
20171018_011119,546,0.33,0.46,512,0.0,1,2,8648,0.14,-1,3,-1,3,-1
20171018_011119,547,0.33,0.46,512,0.0,1,3,8716,0.0,-1,3,-1,3,-1
20171018_011119,548,0.33,0.54,512,0.0,1,0,8720,0.0,-1,3,-1,3,-1
20171018_011119,549,0.27,0.49,512,0.0,1,2,8728,0.0,-1,3,-1,3,-1
20171018_011119,550,0.27,0.54,512,0.0,1,0,8732,0.0,-1,3,-1,3,-1
20171018_011119,551,0.27,0.49,512,0.0,1,0,8732,0.0,-1,3,-1,3,-1
20171018_011119,552,0.27,0.49,512,0.0,1,2,8736,0.14,-1,3,-1,3,-1
20171018_011119,553,0.27,0.46,512,0.0,1,3,8740,0.0,-1,3,-1,3,-1
20171018_011119,554,0.33,0.49,512,0.0,1,0,8748,0.0,-1,3,-1,3,-1
20171018_011119,555,0.4,0.41,512,0.0,1,3,8764,0.0,-1,3,-1,3,-1
20171018_011119,556,0.33,0.46,512,0.0,1,3,8800,0.0,-1,3,-1,3,-1
20171018_011119,557,0.27,0.41,512,0.0,1,3,8812,0.0,-1,3,-1,3,-1
20171018_011119,558,0.33,0.44,512,0.0,1,0,8812,0.0,-1,3,-1,3,-1
20171018_011119,559,0.27,0.46,512,0.0,1,0,8812,0.0,-1,3,-1,3,-1
20171018_011119,560,0.27,0.49,512,0.0,1,2,8832,0.0,-1,3,-1,3,-1
20171018_011119,561,0.27,0.51,512,0.0,1,3,8832,0.0,-1,3,-1,3,-1
20171018_011119,562,0.27,0.49,512,0.0,1,0,8840,0.0,-1,3,-1,3,-1
20171018_011119,563,0.27,0.51,512,0.0,1,3,8844,0.0,-1,3,-1,3,-1
20171018_011119,564,0.33,0.44,512,0.0,1,0,8852,0.0,-1,3,-1,3,-1
20171018_011119,565,0.4,0.49,512,0.0,1,2,8868,0.0,-1,3,-1,3,-1
20171018_011119,566,0.4,0.44,512,0.0,1,2,8904,0.0,-1,3,-1,3,-1
20171018_011119,567,0.4,0.41,512,0.0,1,2,8976,0.0,-1,3,-1,3,-1
20171018_011119,568,0.33,0.32,512,0.0,1,3,8980,0.0,-1,3,-1,3,-1
20171018_011119,569,0.27,0.34,512,0.0,1,2,8984,0.0,-1,3,-1,3,-1
20171018_011119,570,0.27,0.41,512,0.0,1,2,8984,0.0,-1,3,-1,3,-1
20171018_011119,571,0.2,0.39,512,0.0,1,3,8984,0.0,-1,3,-1,3,-1
20171018_011119,572,0.13,0.34,512,0.0,1,2,8992,0.0,-1,3,-1,3,-1
20171018_011119,573,0.07,0.51,512,0.0,1,3,8992,0.0,-1,3,-1,3,-1
20171018_011119,574,0.27,0.54,512,0.0,1,0,8992,0.14,-1,3,-1,3,-1
20171018_011119,575,0.4,0.56,512,0.0,1,3,8992,0.0,-1,3,-1,3,-1
20171018_011119,576,0.33,0.71,512,0.0,0,2,9132,0.0,-1,3,-1,3,-1
20171018_011119,577,0.27,0.51,512,0.0,1,3,9160,0.0,-1,3,-1,3,-1
20171018_011119,578,0.33,0.56,512,0.0,1,0,9160,0.0,-1,3,-1,3,-1
20171018_011119,579,0.33,0.56,512,0.0,1,3,9160,0.0,-1,3,-1,3,-1
20171018_011119,580,0.27,0.61,512,0.0,1,0,9172,0.0,-1,3,-1,3,-1
20171018_011119,581,0.2,0.54,512,0.0,1,2,9176,0.0,-1,3,-1,3,-1
20171018_011119,582,0.2,0.54,512,0.0,1,0,9176,0.14,-1,3,-1,3,-1
20171018_011119,583,0.27,0.51,512,0.0,1,2,9176,0.14,-1,3,-1,3,-1
20171018_011119,584,0.27,0.51,512,0.0,1,2,9180,0.14,-1,3,-1,3,-1
20171018_011119,585,0.2,0.44,512,0.0,0,1,9192,0.0,-1,3,-1,3,-1
20171018_011119,586,0.13,0.46,512,0.0,1,1,9208,0.0,-1,3,-1,3,-1
20171018_011119,587,0.07,0.46,512,0.0,1,0,9208,0.0,-1,3,-1,3,-1
20171018_011119,588,0.2,0.68,512,0.0,1,2,9208,0.14,-1,3,-1,3,-1
20171018_011119,589,0.2,0.56,512,0.0,1,3,9208,0.0,-1,3,-1,3,-1
20171018_011119,590,0.2,0.56,512,0.0,1,0,9248,0.0,-1,3,-1,3,-1
20171018_011119,591,0.13,0.59,512,0.0,1,2,9256,0.0,-1,3,-1,3,-1
20171018_011119,592,0.13,0.54,512,0.0,1,3,9264,0.0,-1,3,-1,3,-1
20171018_011119,593,0.07,0.56,512,0.0,1,2,9264,0.0,-1,3,-1,3,-1
20171018_011119,594,0.07,0.59,512,0.0,1,0,9268,0.0,-1,3,-1,3,-1
